{
  "model": {
    "type": "range_dispatch",
    "property": "custom_model_data",
    "entries": [
      {
        "threshold": 1001,
        "model": {
          "type": "model",
          "model": "item/trap"
        }
      },
      {
        "threshold": 1002,
        "model": {
          "type": "model",
          "model": "item/healpack"
        }
      },
      {
        "threshold": 1003,
        "model": {
          "type": "model",
          "model": "item/highlight"
        }
      },
      {
        "threshold": 1004,
        "model": {
          "type": "model",
          "model": "item/ink_sac"
        }
      }
    ],
    "fallback": {
      "type": "model",
      "model": "item/carrot_on_a_stick"
    }
  }
}