{
  "model": {
    "type": "range_dispatch",
    "property": "custom_model_data",
    "entries": [
      {
        "threshold": 1001,
        "model": {
          "type": "model",
          "model": "item/yellow_dye"
        }
      },
      {
        "threshold": 1002,
        "model": {
          "type": "model",
          "model": "item/yellow_dye2"
        }
      },
      {
        "threshold": 1003,
        "model": {
          "type": "model",
          "model": "item/blue_dye"
        }
      },
	  {
        "threshold": 1004,
        "model": {
          "type": "model",
          "model": "item/blue_dye2"
        }
      },
	  {
        "threshold": 1005,
        "model": {
          "type": "model",
          "model": "item/green_dye"
        }
      },
	  {
        "threshold": 1006,
        "model": {
          "type": "model",
          "model": "item/green_dye2"
        }
      },
	  {
        "threshold": 1007,
        "model": {
          "type": "model",
          "model": "item/red_dye"
        }
      },
	  {
        "threshold": 1008,
        "model": {
          "type": "model",
          "model": "item/red_dye2"
        }
      },
	  {
        "threshold": 1009,
        "model": {
          "type": "model",
          "model": "item/tumbler"
        }
      },
	  {
        "threshold": 1010,
        "model": {
          "type": "model",
          "model": "item/tumbler_lever_green"
        }
      },
	  {
        "threshold": 1011,
        "model": {
          "type": "model",
          "model": "item/tumbler_lever_red"
        }
      },
	  {
        "threshold": 1012,
        "model": {
          "type": "model",
          "model": "item/tumbler_lever_blue"
        }
      },
	  {
        "threshold": 1013,
        "model": {
          "type": "model",
          "model": "item/tumbler_lever_yellow"
        }
      }
    ],
    "fallback": {
      "type": "model",
      "model": "item/white_dye"
    }
  }
}