{
	"format_version": "1.21.6",
	"credit": "Made By Gasihup",
	"texture_size": [40, 48],
	"textures": {
		"0": "item/title_lobby",
		"1": "item/title_lobby_text",
		"particle": "item/title_lobby"
	},
	"elements": [
		{
			"from": [-12, -16, 7.5],
			"to": [28, 32, 8.5],
			"rotation": {"angle": 0, "axis": "y", "origin": [2, 0, 7.5]},
			"faces": {
				"north": {"uv": [0, 0, 16, 16], "texture": "#0"},
				"east": {"uv": [0, 0, 0.4, 16], "texture": "#0"},
				"south": {"uv": [0, 0, 16, 16], "texture": "#0"},
				"west": {"uv": [15.6, 0, 16, 16], "texture": "#0"},
				"up": {"uv": [0, 0, 16, 0.33333], "texture": "#0"},
				"down": {"uv": [0, 0, 16, 0.33333], "texture": "#0"}
			}
		},
		{
			"from": [-12, -16, 7.475],
			"to": [28, 32, 7.475],
			"rotation": {"angle": 0, "axis": "y", "origin": [2, 0, 7.475]},
			"faces": {
				"north": {"uv": [0, 0, 16, 16], "texture": "#1"},
				"south": {"uv": [0, 0, 16, 16], "texture": "#0"}
			}
		}
	],
	"display": {
		"thirdperson_righthand": {
			"rotation": [75, 45, 0],
			"translation": [0, 2.5, 0],
			"scale": [0.375, 0.375, 0.375]
		},
		"thirdperson_lefthand": {
			"rotation": [75, 45, 0],
			"translation": [0, 2.5, 0],
			"scale": [0.375, 0.375, 0.375]
		},
		"firstperson_righthand": {
			"rotation": [0, 45, 0],
			"scale": [0.4, 0.4, 0.4]
		},
		"firstperson_lefthand": {
			"rotation": [0, -135, 0],
			"scale": [0.4, 0.4, 0.4]
		},
		"ground": {
			"translation": [0, 3, 0],
			"scale": [0.25, 0.25, 0.25]
		},
		"gui": {
			"rotation": [30, -135, 0],
			"scale": [0.625, 0.625, 0.625]
		},
		"head": {
			"scale": [1.6, 1.6, 1.6]
		},
		"fixed": {
			"scale": [0.5, 0.5, 0.5]
		}
	}
}