{
	"format_version": "1.9.0",
	"credit": "Made By Gasihup",
	"texture_size": [32, 32],
	"textures": {
		"0": "item/instrument_yellow",
		"particle": "item/instrument_yellow"
	},
	"elements": [
		{
			"from": [6.5, 0, 7],
			"to": [9.5, 8, 9],
			"rotation": {"angle": 0, "axis": "y", "origin": [7.5, 0, 7]},
			"faces": {
				"north": {"uv": [1, 1, 2.5, 5], "texture": "#0"},
				"east": {"uv": [0, 1, 1, 5], "texture": "#0"},
				"south": {"uv": [3.5, 1, 5, 5], "texture": "#0"},
				"west": {"uv": [2.5, 1, 3.5, 5], "texture": "#0"},
				"up": {"uv": [1, 0, 2.5, 1], "texture": "#0"},
				"down": {"uv": [2.5, 0, 4, 1], "texture": "#0"}
			}
		},
		{
			"from": [7.3, 12.8, 7.75],
			"to": [8.5, 14, 8.25],
			"rotation": {"angle": 45, "axis": "z", "origin": [8, 13.5, 7.75]},
			"faces": {
				"north": {"uv": [11, 1, 11.6, 1.6], "texture": "#0"},
				"east": {"uv": [12, 2, 12.5, 2.5], "texture": "#0"},
				"south": {"uv": [11, 1, 11.6, 1.6], "texture": "#0"},
				"west": {"uv": [12, 2, 12.5, 2.5], "texture": "#0"},
				"up": {"uv": [12, 2, 12.5, 2.5], "texture": "#0"},
				"down": {"uv": [12, 2, 12.5, 2.5], "texture": "#0"}
			}
		},
		{
			"from": [7.5, 8, 7.5],
			"to": [8.5, 13, 8.5],
			"rotation": {"angle": 0, "axis": "y", "origin": [7.5, 8, 6.5]},
			"faces": {
				"north": {"uv": [8.5, 0.5, 9, 3], "texture": "#0"},
				"east": {"uv": [8, 0.5, 8.5, 3], "texture": "#0"},
				"south": {"uv": [9.5, 0.5, 10, 3], "texture": "#0"},
				"west": {"uv": [9, 0.5, 9.5, 3], "texture": "#0"},
				"up": {"uv": [8.5, 0, 9, 0.5], "texture": "#0"},
				"down": {"uv": [9, 0, 9.5, 0.5], "texture": "#0"}
			}
		}
	],
	"display": {
		"thirdperson_righthand": {
			"rotation": [0, -90, 0],
			"translation": [0, 3, 2]
		},
		"thirdperson_lefthand": {
			"rotation": [0, -90, 0],
			"translation": [0, 3, 2]
		},
		"firstperson_righthand": {
			"rotation": [0, -90, 0],
			"translation": [0, 3, 1.5]
		},
		"firstperson_lefthand": {
			"rotation": [0, -90, 0],
			"translation": [0, 3, 1.5]
		},
		"ground": {
			"rotation": [-42, 0, 0],
			"translation": [0, 2.75, 0]
		},
		"gui": {
			"rotation": [-23, -36, -46],
			"translation": [0.75, 0.75, 0]
		},
		"head": {
			"translation": [0, 14.25, 0]
		},
		"fixed": {
			"translation": [0, 0, -2],
			"scale": [2, 2, 2]
		}
	}
}