{
	"format_version": "1.9.0",
	"credit": "Made By Gasihup",
	"texture_size": [32, 32],
	"textures": {
		"0": "item/healpack",
		"particle": "item/healpack"
	},
	"elements": [
		{
			"from": [3, 7, 4.5],
			"to": [13, 9, 11.5],
			"rotation": {"angle": 0, "axis": "y", "origin": [3, 7, 4.5]},
			"faces": {
				"north": {"uv": [3.5, 5, 8.5, 6], "texture": "#0"},
				"east": {"uv": [0, 5, 3.5, 6], "texture": "#0"},
				"south": {"uv": [8.5, 5, 13.5, 6], "texture": "#0"},
				"west": {"uv": [0, 5, 3.5, 6], "texture": "#0"},
				"up": {"uv": [3.5, 1.5, 8.5, 5], "texture": "#0"},
				"down": {"uv": [8.5, 1.5, 13.5, 5], "texture": "#0"}
			}
		},
		{
			"from": [6, 8, 11.5],
			"to": [10, 8, 13.5],
			"rotation": {"angle": 0, "axis": "y", "origin": [3, 7, 11.5]},
			"faces": {
				"up": {"uv": [9.5, 9, 7.5, 8], "texture": "#0"},
				"down": {"uv": [9.5, 8, 7.5, 9], "texture": "#0"}
			}
		},
		{
			"from": [6.5, 9.05, 6.5],
			"to": [9.5, 9.05, 9.5],
			"rotation": {"angle": 0, "axis": "y", "origin": [-0.5, 7.05, 6.5]},
			"faces": {
				"up": {"uv": [3, 8, 4.5, 9.5], "texture": "#0"},
				"down": {"uv": [8.5, 1.5, 13.5, 5], "texture": "#0"}
			}
		}
	],
	"display": {
		"thirdperson_righthand": {
			"rotation": [0, 0, -90],
			"translation": [0, -1.25, -4.25]
		},
		"thirdperson_lefthand": {
			"rotation": [0, 0, -90],
			"translation": [0, -1.25, -4.25]
		},
		"ground": {
			"translation": [0, -2.75, 0]
		},
		"gui": {
			"rotation": [52, 164, -18],
			"translation": [0, -0.25, 0]
		}
	}
}