{
	"format_version": "1.9.0",
	"credit": "Made By Gasihup",
	"textures": {
		"0": "item/blind_powder",
		"particle": "item/blind_powder"
	},
	"elements": [
		{
			"from": [6, 5, 6],
			"to": [10, 8, 10],
			"rotation": {"angle": 0, "axis": "y", "origin": [6, 5, 6]},
			"faces": {
				"north": {"uv": [4, 4, 8, 7], "texture": "#0"},
				"east": {"uv": [0, 4, 4, 7], "texture": "#0"},
				"south": {"uv": [4, 4, 8, 7], "texture": "#0"},
				"west": {"uv": [0, 4, 4, 7], "texture": "#0"},
				"up": {"uv": [4, 0, 8, 4], "texture": "#0"},
				"down": {"uv": [4, 0, 8, 4], "texture": "#0"}
			}
		},
		{
			"from": [7, 8, 7],
			"to": [9, 9, 9],
			"rotation": {"angle": 0, "axis": "y", "origin": [6, 5, 6]},
			"faces": {
				"north": {"uv": [11, 3, 13, 4], "texture": "#0"},
				"east": {"uv": [11, 3, 13, 4], "texture": "#0"},
				"south": {"uv": [11, 3, 13, 4], "texture": "#0"},
				"west": {"uv": [11, 3, 13, 4], "texture": "#0"}
			}
		},
		{
			"from": [5, 7, 8],
			"to": [7, 10, 8],
			"rotation": {"angle": 0, "axis": "y", "origin": [6, 5, 6]},
			"faces": {
				"north": {"uv": [12, 6, 14, 9], "texture": "#0"},
				"south": {"uv": [14, 6, 12, 9], "texture": "#0"}
			}
		},
		{
			"from": [6.5, 9, 6.5],
			"to": [9.5, 9, 9.5],
			"rotation": {"angle": 0, "axis": "y", "origin": [6, 5, 6]},
			"faces": {
				"up": {"uv": [8, 10, 11, 13], "texture": "#0"},
				"down": {"uv": [8, 10, 11, 13], "texture": "#0"}
			}
		},
		{
			"from": [6.5, 9, 6.5],
			"to": [6.5, 11, 9.5],
			"rotation": {"angle": 0, "axis": "y", "origin": [6, 5, 6]},
			"faces": {
				"east": {"uv": [4, 11, 7, 13], "texture": "#0"},
				"west": {"uv": [4, 11, 7, 13], "texture": "#0"}
			}
		},
		{
			"from": [9.5, 9, 6.5],
			"to": [9.5, 11, 9.5],
			"rotation": {"angle": 0, "axis": "y", "origin": [10, 5, 6]},
			"faces": {
				"east": {"uv": [7, 11, 4, 13], "texture": "#0"},
				"west": {"uv": [7, 11, 4, 13], "texture": "#0"}
			}
		},
		{
			"from": [6.5, 9, 6.5],
			"to": [9.5, 11, 6.5],
			"rotation": {"angle": 0, "axis": "y", "origin": [10, 5, 6]},
			"faces": {
				"north": {"uv": [4, 11, 7, 13], "texture": "#0"},
				"south": {"uv": [4, 11, 7, 13], "texture": "#0"}
			}
		},
		{
			"from": [6.5, 9, 9.5],
			"to": [9.5, 11, 9.5],
			"rotation": {"angle": 0, "axis": "y", "origin": [10, 5, 10]},
			"faces": {
				"north": {"uv": [7, 11, 4, 13], "texture": "#0"},
				"south": {"uv": [7, 11, 4, 13], "texture": "#0"}
			}
		}
	],
	"display": {
		"thirdperson_righthand": {
			"rotation": [45, 45, 0],
			"translation": [0, 1, -0.5]
		},
		"thirdperson_lefthand": {
			"rotation": [45, 45, 0],
			"translation": [0, 1, -0.5]
		},
		"firstperson_righthand": {
			"rotation": [0, 115, 0],
			"translation": [0, 2, 0]
		},
		"firstperson_lefthand": {
			"rotation": [0, -169, 0],
			"translation": [0, 2, 0]
		},
		"ground": {
			"rotation": [45, 0, 0],
			"translation": [0, -0.25, 0]
		},
		"gui": {
			"rotation": [18, 135, 0],
			"scale": [1.5, 1.5, 1.5]
		},
		"head": {
			"translation": [0, -26, 0],
			"scale": [2.6, 2.6, 2.6]
		}
	}
}