{
	"format_version": "1.9.0",
	"credit": "Made By Gasihup",
	"textures": {
		"0": "item/key",
		"particle": "item/key"
	},
	"elements": [
		{
			"from": [5, 6.5, 8],
			"to": [8, 9.5, 8],
			"rotation": {"angle": 45, "axis": "z", "origin": [6.5, 8, 8]},
			"faces": {
				"north": {"uv": [10, 0, 13, 3], "texture": "#0"},
				"south": {"uv": [13, 0, 10, 3], "texture": "#0"}
			}
		},
		{
			"from": [8, 7.5, 8],
			"to": [12, 8.5, 8],
			"rotation": {"angle": 0, "axis": "y", "origin": [7, 6.5, 8]},
			"faces": {
				"north": {"uv": [5, 1, 9, 2], "texture": "#0"},
				"south": {"uv": [9, 1, 5, 2], "texture": "#0"}
			}
		},
		{
			"from": [11, 6.5, 8],
			"to": [12, 7.5, 8],
			"rotation": {"angle": 0, "axis": "y", "origin": [7, 6.5, 8]},
			"faces": {
				"north": {"uv": [5, 3, 6, 4], "texture": "#0"},
				"south": {"uv": [5, 3, 6, 4], "texture": "#0"}
			}
		},
		{
			"from": [9, 6.5, 8],
			"to": [10, 7.5, 8],
			"rotation": {"angle": 0, "axis": "y", "origin": [5, 6.5, 8]},
			"faces": {
				"north": {"uv": [7, 3, 8, 4], "texture": "#0"},
				"south": {"uv": [7, 3, 8, 4], "texture": "#0"}
			}
		}
	],
	"gui_light": "front",
	"display": {
		"thirdperson_righthand": {
			"rotation": [0, 90, 45],
			"translation": [0, 0.75, -1.25]
		},
		"thirdperson_lefthand": {
			"rotation": [0, -90, -45],
			"translation": [0, 0.75, -1.25]
		},
		"firstperson_righthand": {
			"rotation": [0, 90, -6],
			"translation": [2.75, 1, -1.75]
		},
		"firstperson_lefthand": {
			"rotation": [0, -90, 6],
			"translation": [2.75, 1, -1.75]
		},
		"ground": {
			"translation": [0, -1.5, 0]
		},
		"gui": {
			"rotation": [0, 180, 45],
			"translation": [0.5, -0.5, 0],
			"scale": [1.5, 1.5, 1.5]
		},
		"head": {
			"translation": [0, 8, 0]
		},
		"fixed": {
			"scale": [2, 2, 2]
		}
	}
}