{
	"format_version": "1.21.6",
	"credit": "Made By Gasihup",
	"texture_size": [64, 64],
	"textures": {
		"0": "item/mau"
	},
	"elements": [
		{
			"name": "Head",
			"from": [4, 19, 4],
			"to": [12, 27, 12],
			"rotation": {"angle": 40, "axis": "y", "origin": [7.5, 19, 8]},
			"faces": {
				"north": {"uv": [4, 2, 2, 4], "texture": "#0"},
				"east": {"uv": [6, 2, 4, 4], "texture": "#0"},
				"south": {"uv": [8, 2, 6, 4], "texture": "#0"},
				"west": {"uv": [2, 2, 0, 4], "texture": "#0"},
				"up": {"uv": [2, 2, 4, 0], "texture": "#0"},
				"down": {"uv": [4, 0, 6, 2], "texture": "#0"}
			}
		},
		{
			"name": "Hat Layer",
			"from": [3.5, 18.5, 3.5],
			"to": [12.5, 27.5, 12.5],
			"rotation": {"angle": 40, "axis": "y", "origin": [7.5, 19, 8]},
			"faces": {
				"north": {"uv": [12, 2, 10, 4], "texture": "#0"},
				"east": {"uv": [14, 2, 12, 4], "texture": "#0"},
				"south": {"uv": [16, 2, 14, 4], "texture": "#0"},
				"west": {"uv": [10, 2, 8, 4], "texture": "#0"},
				"up": {"uv": [10, 2, 12, 0], "texture": "#0"},
				"down": {"uv": [12, 0, 14, 2], "texture": "#0"}
			}
		},
		{
			"name": "Body",
			"from": [4, 7, 6],
			"to": [12, 19, 10],
			"rotation": {"angle": 0, "axis": "y", "origin": [8, -5, 8]},
			"faces": {
				"north": {"uv": [7, 5, 5, 8], "texture": "#0"},
				"east": {"uv": [8, 5, 7, 8], "texture": "#0"},
				"south": {"uv": [10, 5, 8, 8], "texture": "#0"},
				"west": {"uv": [5, 5, 4, 8], "texture": "#0"},
				"up": {"uv": [5, 5, 7, 4], "texture": "#0"},
				"down": {"uv": [7, 4, 9, 5], "texture": "#0"}
			}
		},
		{
			"name": "Body Layer",
			"from": [3.75, 6.75, 5.75],
			"to": [12.25, 19.25, 10.25],
			"rotation": {"angle": 0, "axis": "y", "origin": [8, -5, 8]},
			"faces": {
				"north": {"uv": [7, 9, 5, 12], "texture": "#0"},
				"east": {"uv": [8, 9, 7, 12], "texture": "#0"},
				"south": {"uv": [10, 9, 8, 12], "texture": "#0"},
				"west": {"uv": [5, 9, 4, 12], "texture": "#0"},
				"up": {"uv": [5, 9, 7, 8], "texture": "#0"},
				"down": {"uv": [7, 8, 9, 9], "texture": "#0"}
			}
		},
		{
			"name": "Left Arm",
			"from": [1, 7, 6],
			"to": [4, 19, 10],
			"rotation": {"angle": -27.5, "axis": "x", "origin": [2.5, 17, 8]},
			"faces": {
				"north": {"uv": [11.75, 5, 11, 8], "texture": "#0"},
				"east": {"uv": [12.75, 5, 11.75, 8], "texture": "#0"},
				"south": {"uv": [13.5, 5, 12.75, 8], "texture": "#0"},
				"west": {"uv": [11, 5, 10, 8], "texture": "#0"},
				"up": {"uv": [11, 5, 11.75, 4], "texture": "#0"},
				"down": {"uv": [11.75, 4, 12.5, 5], "texture": "#0"}
			}
		},
		{
			"name": "Left Arm Layer",
			"from": [0.75, 6.75, 5.75],
			"to": [4.25, 19.25, 10.25],
			"rotation": {"angle": -27.5, "axis": "x", "origin": [2.5, 17, 8]},
			"faces": {
				"north": {"uv": [11.75, 9, 11, 12], "texture": "#0"},
				"east": {"uv": [12.75, 9, 11.75, 12], "texture": "#0"},
				"south": {"uv": [13.5, 9, 12.75, 12], "texture": "#0"},
				"west": {"uv": [11, 9, 10, 12], "texture": "#0"},
				"up": {"uv": [11, 9, 11.75, 8], "texture": "#0"},
				"down": {"uv": [11.75, 8, 12.5, 9], "texture": "#0"}
			}
		},
		{
			"name": "Right Arm",
			"from": [12, 15, -2],
			"to": [15, 19, 10],
			"rotation": {"angle": 45, "axis": "x", "origin": [13.5, 17, 8]},
			"faces": {
				"north": {"uv": [9.75, 12, 10.5, 13], "rotation": 180, "texture": "#0"},
				"east": {"uv": [9.75, 16, 10.75, 13], "rotation": 90, "texture": "#0"},
				"south": {"uv": [9, 13, 9.75, 12], "texture": "#0"},
				"west": {"uv": [8, 16, 9, 13], "rotation": 270, "texture": "#0"},
				"up": {"uv": [9.75, 13, 9, 16], "rotation": 180, "texture": "#0"},
				"down": {"uv": [11.5, 13, 10.75, 16], "texture": "#0"}
			}
		},
		{
			"name": "Right Arm Layer",
			"from": [11.75, 14.75, -2.25],
			"to": [15.25, 19.25, 10.25],
			"rotation": {"angle": 45, "axis": "x", "origin": [13.5, 17, 8]},
			"faces": {
				"north": {"uv": [13.75, 12, 14.5, 13], "rotation": 180, "texture": "#0"},
				"east": {"uv": [13.75, 16, 14.75, 13], "rotation": 90, "texture": "#0"},
				"south": {"uv": [13, 13, 13.75, 12], "texture": "#0"},
				"west": {"uv": [12, 16, 13, 13], "rotation": 270, "texture": "#0"},
				"up": {"uv": [13.75, 13, 13, 16], "rotation": 180, "texture": "#0"},
				"down": {"uv": [15.5, 13, 14.75, 16], "texture": "#0"}
			}
		},
		{
			"name": "Left Leg",
			"from": [4.1, -5, 7],
			"to": [8.1, 7, 11],
			"rotation": {"angle": -7.5, "axis": "x", "origin": [6, 7, 9]},
			"faces": {
				"north": {"uv": [2, 5, 1, 8], "texture": "#0"},
				"east": {"uv": [3, 5, 2, 8], "texture": "#0"},
				"south": {"uv": [4, 5, 3, 8], "texture": "#0"},
				"west": {"uv": [1, 5, 0, 8], "texture": "#0"},
				"up": {"uv": [1, 5, 2, 4], "texture": "#0"},
				"down": {"uv": [2, 4, 3, 5], "texture": "#0"}
			}
		},
		{
			"name": "Left Leg Layer",
			"from": [3.85, -5.25, 6.75],
			"to": [8.35, 7.25, 11.25],
			"rotation": {"angle": -7.5, "axis": "x", "origin": [6, 7, 9]},
			"faces": {
				"north": {"uv": [2, 9, 1, 12], "texture": "#0"},
				"east": {"uv": [3, 9, 2, 12], "texture": "#0"},
				"south": {"uv": [4, 9, 3, 12], "texture": "#0"},
				"west": {"uv": [1, 9, 0, 12], "texture": "#0"},
				"up": {"uv": [1, 9, 2, 8], "texture": "#0"},
				"down": {"uv": [2, 8, 3, 9], "texture": "#0"}
			}
		},
		{
			"name": "Right Leg",
			"from": [8.4, -5, 5.5],
			"to": [12.4, 7, 9.5],
			"rotation": {"angle": 5, "axis": "z", "origin": [10.5, 7, 7.5]},
			"faces": {
				"north": {"uv": [6, 13, 5, 16], "texture": "#0"},
				"east": {"uv": [7, 13, 6, 16], "texture": "#0"},
				"south": {"uv": [8, 13, 7, 16], "texture": "#0"},
				"west": {"uv": [5, 13, 4, 16], "texture": "#0"},
				"up": {"uv": [5, 13, 6, 12], "texture": "#0"},
				"down": {"uv": [6, 12, 7, 13], "texture": "#0"}
			}
		},
		{
			"name": "Right Leg Layer",
			"from": [8.15, -5.25, 5.25],
			"to": [12.65, 7.25, 9.75],
			"rotation": {"angle": 5, "axis": "z", "origin": [10.5, 7, 7.5]},
			"faces": {
				"north": {"uv": [2, 13, 1, 16], "texture": "#0"},
				"east": {"uv": [3, 13, 2, 16], "texture": "#0"},
				"south": {"uv": [4, 13, 3, 16], "texture": "#0"},
				"west": {"uv": [1, 13, 0, 16], "texture": "#0"},
				"up": {"uv": [1, 13, 2, 12], "texture": "#0"},
				"down": {"uv": [2, 12, 3, 13], "texture": "#0"}
			}
		}
	],
	"display": {
		"thirdperson_righthand": {
			"translation": [0, 3, 1],
			"scale": [0.55, 0.55, 0.55]
		},
		"thirdperson_lefthand": {
			"translation": [0, 3, 1],
			"scale": [0.55, 0.55, 0.55]
		},
		"firstperson_righthand": {
			"rotation": [0, -140, 0],
			"translation": [0, -1.5, 0],
			"scale": [0.5, 0.5, 0.5]
		},
		"firstperson_lefthand": {
			"rotation": [0, -140, 0],
			"translation": [0, -1.5, 0],
			"scale": [0.5, 0.5, 0.5]
		},
		"gui": {
			"rotation": [0, -140, 0],
			"translation": [0, -1.5, 0],
			"scale": [0.5, 0.5, 0.5]
		},
		"head": {
			"rotation": [0, -45, 0],
			"translation": [0, -22, 0],
			"scale": [1.6, 1.6, 1.6]
		}
	},
	"groups": [
		{
			"name": "Head",
			"origin": [8, 24, 8],
			"color": 0,
			"children": [0, 1]
		},
		{
			"name": "Body",
			"origin": [8, 24, 8],
			"color": 0,
			"children": [2, 3]
		},
		{
			"name": "Right Arm",
			"origin": [13, 22, 8],
			"color": 0,
			"children": [4, 5]
		},
		{
			"name": "Left Arm",
			"origin": [3, 22, 8],
			"color": 0,
			"children": [6, 7]
		},
		{
			"name": "Right Leg",
			"origin": [9.9, 12, 8],
			"color": 0,
			"children": [8, 9]
		},
		{
			"name": "Left Leg",
			"origin": [6.1, 12, 8],
			"color": 0,
			"children": [10, 11]
		}
	]
}