{
	"format_version": "1.21.6",
	"credit": "Made By Gasihup",
	"texture_size": [1000, 320],
	"textures": {
		"0": "item/fixnrun"
	},
	"elements": [
		{
			"from": [23.6, 0.4, 5.8],
			"to": [29.2, 8.4, 10.2],
			"rotation": {"angle": 0, "axis": "y", "origin": [8, 0, 8]},
			"faces": {
				"north": {"uv": [2.88, 1.1, 3.328, 3.1], "texture": "#0"},
				"south": {"uv": [3.328, 1.1, 2.88, 3.1], "texture": "#0"},
				"up": {"uv": [3.328, 1.1, 2.88, 0], "texture": "#0"},
				"down": {"uv": [3.328, 4.2, 2.88, 3.1], "texture": "#0"}
			}
		},
		{
			"from": [23.2, 5.6, 5.4],
			"to": [26.4, 6.4, 10.6],
			"rotation": {"angle": 0, "axis": "y", "origin": [8, 0, 8]},
			"faces": {
				"east": {"uv": [0, 13.3, 0.016, 13.35], "texture": "#0"},
				"up": {"uv": [0, 13.3, 0.016, 13.35], "texture": "#0"},
				"down": {"uv": [0, 13.3, 0.016, 13.35], "texture": "#0"}
			}
		},
		{
			"from": [23.2, 0, 5.4],
			"to": [26.4, 3.2, 10.6],
			"rotation": {"angle": 0, "axis": "y", "origin": [8, 0, 8]},
			"faces": {
				"east": {"uv": [0, 13.3, 0.016, 13.35], "texture": "#0"},
				"up": {"uv": [0, 13.3, 0.016, 13.35], "texture": "#0"}
			}
		},
		{
			"from": [29.6, 8.8, 10.6],
			"to": [23.2, 0, 5.4],
			"rotation": {"angle": 0, "axis": "y", "origin": [8, 0, 8]},
			"faces": {
				"north": {"uv": [0.096, 13.85, 0.064, 13.3], "texture": "#0"},
				"east": {"uv": [0.096, 13.85, 0.08, 13.3], "texture": "#0"},
				"south": {"uv": [0.064, 13.85, 0.096, 13.3], "texture": "#0"},
				"west": {"uv": [0, 13.3, 0.016, 13.35], "texture": "#0"},
				"up": {"uv": [0.016, 13.35, 0.048, 13.4], "texture": "#0"},
				"down": {"uv": [0, 13.3, 0.016, 13.35], "texture": "#0"}
			}
		},
		{
			"from": [20.4, 0.4, 5.8],
			"to": [22.8, 8.4, 10.2],
			"rotation": {"angle": 0, "axis": "y", "origin": [8, 0, 8]},
			"faces": {
				"north": {"uv": [4.32, 1.1, 4.512, 3.1], "texture": "#0"},
				"south": {"uv": [4.512, 1.1, 4.32, 3.1], "texture": "#0"},
				"up": {"uv": [4.512, 1.1, 4.32, 0], "texture": "#0"},
				"down": {"uv": [4.512, 4.2, 4.32, 3.1], "texture": "#0"}
			}
		},
		{
			"from": [23.2, 8.8, 10.6],
			"to": [20, 0, 5.4],
			"rotation": {"angle": 0, "axis": "y", "origin": [8, 0, 8]},
			"faces": {
				"north": {"uv": [0, 13.3, 0.016, 13.35], "texture": "#0"},
				"east": {"uv": [0, 13.3, 0.016, 13.35], "texture": "#0"},
				"south": {"uv": [0, 13.3, 0.016, 13.35], "texture": "#0"},
				"west": {"uv": [0, 13.3, 0.016, 13.35], "texture": "#0"},
				"up": {"uv": [0, 13.3, 0.016, 13.35], "texture": "#0"},
				"down": {"uv": [0, 13.3, 0.016, 13.35], "texture": "#0"}
			}
		},
		{
			"from": [14, 0.4, 5.8],
			"to": [19.6, 8.4, 10.2],
			"rotation": {"angle": 0, "axis": "y", "origin": [8, 0, 8]},
			"faces": {
				"north": {"uv": [12.032, 1.1, 12.48, 3.1], "texture": "#0"},
				"south": {"uv": [12.48, 1.1, 12.032, 3.1], "texture": "#0"},
				"up": {"uv": [12.48, 1.1, 12.032, 0], "texture": "#0"},
				"down": {"uv": [12.48, 4.2, 12.032, 3.1], "texture": "#0"}
			}
		},
		{
			"from": [20, 8.8, 10.6],
			"to": [13.6, 0, 5.4],
			"rotation": {"angle": 0, "axis": "y", "origin": [8, 0, 8]},
			"faces": {
				"north": {"uv": [0, 13.3, 0.016, 13.35], "texture": "#0"},
				"east": {"uv": [0, 13.3, 0.016, 13.35], "texture": "#0"},
				"south": {"uv": [0, 13.3, 0.016, 13.35], "texture": "#0"},
				"west": {"uv": [0, 13.3, 0.016, 13.35], "texture": "#0"},
				"up": {"uv": [0, 13.3, 0.016, 13.35], "texture": "#0"},
				"down": {"uv": [0, 13.3, 0.016, 13.35], "texture": "#0"}
			}
		},
		{
			"from": [7.676, 1.432, 6.46],
			"to": [12.156, 7.032, 9.54],
			"rotation": {"angle": 0, "axis": "y", "origin": [8.516, 1.152, 8]},
			"faces": {
				"north": {"uv": [4.8, 5.4, 5.312, 7.4], "texture": "#0"},
				"south": {"uv": [5.312, 5.4, 4.8, 7.4], "texture": "#0"},
				"up": {"uv": [5.312, 5.4, 4.8, 4.3], "texture": "#0"},
				"down": {"uv": [5.312, 8.5, 4.8, 7.4], "texture": "#0"}
			}
		},
		{
			"from": [7.956, 4.512, 6.18],
			"to": [8.516, 5.072, 9.82],
			"rotation": {"angle": 0, "axis": "y", "origin": [8.516, 1.152, 8]},
			"faces": {
				"east": {"uv": [0, 13.3, 0.016, 13.35], "texture": "#0"},
				"up": {"uv": [0, 13.3, 0.016, 13.35], "texture": "#0"},
				"down": {"uv": [0, 13.3, 0.016, 13.35], "texture": "#0"}
			}
		},
		{
			"from": [7.956, 4.512, 9.82],
			"to": [7.396, 3.392, 6.18],
			"rotation": {"angle": 0, "axis": "y", "origin": [8.516, 1.152, 8]},
			"faces": {
				"north": {"uv": [0, 13.3, 0.016, 13.35], "texture": "#0"},
				"east": {"uv": [0, 13.3, 0.016, 13.35], "texture": "#0"},
				"south": {"uv": [0, 13.3, 0.016, 13.35], "texture": "#0"},
				"up": {"uv": [0, 13.3, 0.016, 13.35], "texture": "#0"},
				"down": {"uv": [0, 13.3, 0.016, 13.35], "texture": "#0"}
			}
		},
		{
			"from": [7.956, 2.832, 9.82],
			"to": [7.396, 1.152, 6.18],
			"rotation": {"angle": 0, "axis": "y", "origin": [8.516, 1.152, 8]},
			"faces": {
				"north": {"uv": [0, 13.3, 0.016, 13.35], "texture": "#0"},
				"east": {"uv": [0, 13.3, 0.016, 13.35], "texture": "#0"},
				"south": {"uv": [0, 13.3, 0.016, 13.35], "texture": "#0"},
				"up": {"uv": [0, 13.3, 0.016, 13.35], "texture": "#0"},
				"down": {"uv": [0, 13.3, 0.016, 13.35], "texture": "#0"}
			}
		},
		{
			"from": [12.436, 7.312, 9.82],
			"to": [7.956, 1.152, 6.18],
			"rotation": {"angle": 0, "axis": "y", "origin": [8.516, 1.152, 8]},
			"faces": {
				"north": {"uv": [0.736, 14.4, 0.864, 13.85], "texture": "#0"},
				"east": {"uv": [0.72, 14.4, 0.736, 13.85], "texture": "#0"},
				"south": {"uv": [0.864, 14.4, 0.736, 13.85], "texture": "#0"},
				"west": {"uv": [0, 13.3, 0.016, 13.35], "texture": "#0"},
				"up": {"uv": [0, 13.3, 0.016, 13.35], "texture": "#0"},
				"down": {"uv": [0, 13.3, 0.016, 13.35], "texture": "#0"}
			}
		},
		{
			"from": [0.4, 0.4, 5.8],
			"to": [6, 8.4, 10.2],
			"rotation": {"angle": 0, "axis": "y", "origin": [8, 0, 8]},
			"faces": {
				"north": {"uv": [8.8, 1.1, 9.248, 3.1], "texture": "#0"},
				"south": {"uv": [9.248, 1.1, 8.8, 3.1], "texture": "#0"},
				"up": {"uv": [9.248, 1.1, 8.8, 0], "texture": "#0"},
				"down": {"uv": [9.248, 4.2, 8.8, 3.1], "texture": "#0"}
			}
		},
		{
			"from": [6.4, 8.8, 10.6],
			"to": [0, 0, 5.4],
			"rotation": {"angle": 0, "axis": "y", "origin": [8, 0, 8]},
			"faces": {
				"north": {"uv": [0, 13.3, 0.016, 13.35], "texture": "#0"},
				"east": {"uv": [0, 13.3, 0.016, 13.35], "texture": "#0"},
				"south": {"uv": [0, 13.3, 0.016, 13.35], "texture": "#0"},
				"west": {"uv": [0, 13.3, 0.016, 13.35], "texture": "#0"},
				"up": {"uv": [0, 13.3, 0.016, 13.35], "texture": "#0"},
				"down": {"uv": [0, 13.3, 0.016, 13.35], "texture": "#0"}
			}
		},
		{
			"from": [-6, 0.4, 5.8],
			"to": [-0.4, 8.4, 10.2],
			"rotation": {"angle": 0, "axis": "y", "origin": [8, 0, 8]},
			"faces": {
				"north": {"uv": [10.24, 1.1, 10.688, 3.1], "texture": "#0"},
				"south": {"uv": [10.688, 1.1, 10.24, 3.1], "texture": "#0"},
				"up": {"uv": [10.688, 1.1, 10.24, 0], "texture": "#0"},
				"down": {"uv": [10.688, 4.2, 10.24, 3.1], "texture": "#0"}
			}
		},
		{
			"from": [0, 8.8, 10.6],
			"to": [-6.4, 0, 5.4],
			"rotation": {"angle": 0, "axis": "y", "origin": [8, 0, 8]},
			"faces": {
				"north": {"uv": [0, 13.3, 0.016, 13.35], "texture": "#0"},
				"east": {"uv": [0, 13.3, 0.016, 13.35], "texture": "#0"},
				"south": {"uv": [0, 13.3, 0.016, 13.35], "texture": "#0"},
				"west": {"uv": [0, 13.3, 0.016, 13.35], "texture": "#0"},
				"up": {"uv": [0, 13.3, 0.016, 13.35], "texture": "#0"},
				"down": {"uv": [0, 13.3, 0.016, 13.35], "texture": "#0"}
			}
		},
		{
			"from": [-13.2, 0.4, 5.8],
			"to": [-6.8, 8.4, 10.2],
			"rotation": {"angle": 0, "axis": "y", "origin": [8, 0, 8]},
			"faces": {
				"north": {"uv": [6.752, 1.1, 7.264, 3.1], "texture": "#0"},
				"south": {"uv": [7.264, 1.1, 6.752, 3.1], "texture": "#0"},
				"up": {"uv": [7.264, 1.1, 6.752, 0], "texture": "#0"},
				"down": {"uv": [7.264, 4.2, 6.752, 3.1], "texture": "#0"}
			}
		},
		{
			"from": [-10.4, 7.2, 5.4],
			"to": [-9.6, 8.8, 10.6],
			"rotation": {"angle": 0, "axis": "y", "origin": [8, 0, 8]},
			"faces": {
				"east": {"uv": [0, 13.3, 0.016, 13.35], "texture": "#0"},
				"west": {"uv": [0, 13.3, 0.016, 13.35], "texture": "#0"},
				"down": {"uv": [0, 13.3, 0.016, 13.35], "texture": "#0"}
			}
		},
		{
			"from": [-10.4, 0, 5.4],
			"to": [-9.6, 2, 10.6],
			"rotation": {"angle": 0, "axis": "y", "origin": [8, 0, 8]},
			"faces": {
				"east": {"uv": [0, 13.3, 0.016, 13.35], "texture": "#0"},
				"west": {"uv": [0, 13.3, 0.016, 13.35], "texture": "#0"},
				"up": {"uv": [0, 13.3, 0.016, 13.35], "texture": "#0"}
			}
		},
		{
			"from": [-6.4, 8.8, 10.6],
			"to": [-13.6, 0, 5.4],
			"rotation": {"angle": 0, "axis": "y", "origin": [8, 0, 8]},
			"faces": {
				"north": {"uv": [0.304, 14.4, 0.448, 13.3], "texture": "#0"},
				"east": {"uv": [0, 13.3, 0.016, 13.35], "texture": "#0"},
				"south": {"uv": [0.304, 14.4, 0.448, 13.3], "texture": "#0"},
				"west": {"uv": [0, 13.3, 0.016, 13.35], "texture": "#0"},
				"up": {"uv": [0.304, 13.3, 0.448, 13.35], "texture": "#0"},
				"down": {"uv": [0.304, 13.3, 0.448, 13.35], "texture": "#0"}
			}
		}
	],
	"display": {
		"thirdperson_righthand": {
			"rotation": [75, 45, 0],
			"translation": [0, 2.5, 0],
			"scale": [0.375, 0.375, 0.375]
		},
		"thirdperson_lefthand": {
			"rotation": [75, 45, 0],
			"translation": [0, 2.5, 0],
			"scale": [0.375, 0.375, 0.375]
		},
		"firstperson_righthand": {
			"rotation": [0, 45, 0],
			"scale": [0.4, 0.4, 0.4]
		},
		"firstperson_lefthand": {
			"rotation": [0, 45, 0],
			"scale": [0.4, 0.4, 0.4]
		},
		"ground": {
			"translation": [0, 3, 0],
			"scale": [0.25, 0.25, 0.25]
		},
		"gui": {
			"rotation": [30, 135, 0],
			"translation": [0, 2.25, 0],
			"scale": [0.625, 0.625, 0.625]
		},
		"head": {
			"translation": [0, 2.5, 0],
			"scale": [2.3, 2.3, 2.3]
		},
		"fixed": {
			"scale": [0.5, 0.5, 0.5]
		}
	},
	"groups": [
		{
			"name": "fix&run",
			"origin": [8, 0, 8],
			"color": 0,
			"children": [
				{
					"name": "f",
					"origin": [8, 0, 8],
					"color": 0,
					"children": [0, 1, 2, 3]
				},
				{
					"name": "i",
					"origin": [8, 0, 8],
					"color": 0,
					"children": [4, 5]
				},
				{
					"name": "x",
					"origin": [8, 0, 8],
					"color": 0,
					"children": [6, 7]
				},
				{
					"name": "&",
					"origin": [9.72, 3.84, 8],
					"color": 0,
					"children": [8, 9, 10, 11, 12]
				},
				{
					"name": "r",
					"origin": [8, 0, 8],
					"color": 0,
					"children": [13, 14]
				},
				{
					"name": "u",
					"origin": [8, 0, 8],
					"color": 0,
					"children": [15, 16]
				},
				{
					"name": "n",
					"origin": [8, 0, 8],
					"color": 0,
					"children": [17, 18, 19, 20]
				}
			]
		}
	]
}