{
	"format_version": "1.21.6",
	"credit": "Made By Gasihup",
	"texture_size": [64, 64],
	"textures": {
		"0": "item/generator_red",
		"particle": "item/generator_red"
	},
	"elements": [
		{
			"from": [-2, 0, 2],
			"to": [18, 1, 3],
			"rotation": {"angle": 0, "axis": "y", "origin": [0, 0, 2]},
			"faces": {
				"north": {"uv": [0.25, 4, 5.25, 4.25], "texture": "#0"},
				"east": {"uv": [0.25, 4, 0.5, 4.25], "texture": "#0"},
				"south": {"uv": [0.25, 4, 5.25, 4.25], "texture": "#0"},
				"west": {"uv": [0.25, 4, 0.5, 4.25], "texture": "#0"},
				"up": {"uv": [0.25, 4, 5.25, 4.25], "texture": "#0"},
				"down": {"uv": [0.25, 4, 5.25, 4.25], "texture": "#0"}
			}
		},
		{
			"from": [-3, 3, 1],
			"to": [19, 7, 15],
			"rotation": {"angle": 0, "axis": "y", "origin": [0, 3, 2]},
			"faces": {
				"north": {"uv": [0, 1, 5.5, 2], "texture": "#0"},
				"east": {"uv": [5.75, 1, 9.25, 2], "texture": "#0"},
				"south": {"uv": [0, 1, 5.5, 2], "texture": "#0"},
				"west": {"uv": [5.75, 1, 9.25, 2], "texture": "#0"},
				"up": {"uv": [3.5, 1, 4, 1.25], "texture": "#0"},
				"down": {"uv": [2, 1.75, 2.75, 2], "texture": "#0"}
			}
		},
		{
			"from": [15, 0, 8],
			"to": [23, 7, 8],
			"rotation": {"angle": 0, "axis": "y", "origin": [0, 3, 2]},
			"faces": {
				"north": {"uv": [12, 2.25, 14, 4], "texture": "#0"},
				"south": {"uv": [14, 2.25, 12, 4], "texture": "#0"}
			}
		},
		{
			"from": [15, -1, 10],
			"to": [23, 6, 10],
			"rotation": {"angle": 0, "axis": "y", "origin": [0, 2, 4]},
			"faces": {
				"north": {"uv": [12, 4.25, 14, 6], "texture": "#0"},
				"south": {"uv": [14, 4.25, 12, 6], "texture": "#0"}
			}
		},
		{
			"from": [-7, 0, 7],
			"to": [1, 7, 7],
			"rotation": {"angle": 0, "axis": "y", "origin": [16, 3, 1]},
			"faces": {
				"north": {"uv": [14, 0, 12, 1.75], "texture": "#0"},
				"south": {"uv": [12, 0, 14, 1.75], "texture": "#0"}
			}
		},
		{
			"from": [-3, 8, 1],
			"to": [19, 11, 15],
			"rotation": {"angle": 0, "axis": "y", "origin": [0, 3, 2]},
			"faces": {
				"north": {"uv": [0, 0, 5.5, 0.75], "texture": "#0"},
				"east": {"uv": [5.75, 0, 9.25, 0.75], "texture": "#0"},
				"south": {"uv": [0, 0, 5.5, 0.75], "texture": "#0"},
				"west": {"uv": [5.75, 0, 9.25, 0.75], "texture": "#0"},
				"up": {"uv": [0, 4.5, 5.5, 8], "texture": "#0"},
				"down": {"uv": [0, 0, 5.5, 3.5], "texture": "#0"}
			}
		},
		{
			"from": [5, 11, 3],
			"to": [17, 12, 13],
			"rotation": {"angle": 0, "axis": "y", "origin": [0, 4, 2]},
			"faces": {
				"north": {"uv": [0, 12, 3, 12.25], "texture": "#0"},
				"east": {"uv": [0, 12, 3, 12.25], "texture": "#0"},
				"south": {"uv": [0, 12, 3, 12.25], "texture": "#0"},
				"west": {"uv": [0, 12, 3, 12.25], "texture": "#0"},
				"up": {"uv": [0, 9.5, 3, 12], "texture": "#0"},
				"down": {"uv": [0, 9.5, 3, 12], "texture": "#0"}
			}
		},
		{
			"from": [-1, 11, 5.5],
			"to": [4, 12, 10.5],
			"rotation": {"angle": 0, "axis": "y", "origin": [-6, 3, 2.5]},
			"faces": {
				"north": {"uv": [8, 8, 9.25, 8.25], "texture": "#0"},
				"east": {"uv": [8, 8, 9.25, 8.25], "texture": "#0"},
				"south": {"uv": [8, 8, 9.25, 8.25], "texture": "#0"},
				"west": {"uv": [8, 8, 9.25, 8.25], "texture": "#0"},
				"up": {"uv": [8, 6.75, 9.25, 8], "texture": "#0"},
				"down": {"uv": [8, 8, 9.25, 8.25], "texture": "#0"}
			}
		},
		{
			"from": [0, 11, 6.5],
			"to": [3, 15, 9.5],
			"rotation": {"angle": 0, "axis": "y", "origin": [-6, 2, 2.5]},
			"faces": {
				"north": {"uv": [8.25, 10, 9, 11], "texture": "#0"},
				"east": {"uv": [8.25, 10, 9, 11], "texture": "#0"},
				"south": {"uv": [8.25, 10, 9, 11], "texture": "#0"},
				"west": {"uv": [8.25, 10, 9, 11], "texture": "#0"},
				"up": {"uv": [8.25, 9.25, 9, 10], "texture": "#0"},
				"down": {"uv": [8.25, 9.25, 9, 10], "texture": "#0"}
			}
		},
		{
			"from": [-3, 7, 2],
			"to": [19, 8, 14],
			"rotation": {"angle": 0, "axis": "y", "origin": [0, 3, 2]},
			"faces": {
				"north": {"uv": [0, 4, 5.5, 4.25], "texture": "#0"},
				"east": {"uv": [0, 4, 3, 4.25], "texture": "#0"},
				"south": {"uv": [0, 4, 5.5, 4.25], "texture": "#0"},
				"west": {"uv": [0, 4, 3, 4.25], "texture": "#0"}
			}
		},
		{
			"from": [17, 1, 2],
			"to": [18, 3, 3],
			"rotation": {"angle": 0, "axis": "y", "origin": [0, 0, 2]},
			"faces": {
				"north": {"uv": [0.5, 4, 1, 4.25], "rotation": 90, "texture": "#0"},
				"east": {"uv": [0.5, 4, 1, 4.25], "rotation": 90, "texture": "#0"},
				"south": {"uv": [0.5, 4, 1, 4.25], "rotation": 90, "texture": "#0"},
				"west": {"uv": [0.5, 4, 1, 4.25], "rotation": 90, "texture": "#0"},
				"up": {"uv": [0.5, 4, 0.75, 4.25], "rotation": 90, "texture": "#0"},
				"down": {"uv": [0.5, 4, 0.75, 4.25], "rotation": 90, "texture": "#0"}
			}
		},
		{
			"from": [-2, 1, 2],
			"to": [-1, 3, 3],
			"rotation": {"angle": 0, "axis": "y", "origin": [-19, 0, 2]},
			"faces": {
				"north": {"uv": [0.5, 4, 1, 4.25], "rotation": 90, "texture": "#0"},
				"east": {"uv": [0.5, 4, 1, 4.25], "rotation": 90, "texture": "#0"},
				"south": {"uv": [0.5, 4, 1, 4.25], "rotation": 90, "texture": "#0"},
				"west": {"uv": [0.5, 4, 1, 4.25], "rotation": 90, "texture": "#0"},
				"up": {"uv": [0.5, 4, 0.75, 4.25], "rotation": 90, "texture": "#0"},
				"down": {"uv": [0.5, 4, 0.75, 4.25], "rotation": 90, "texture": "#0"}
			}
		},
		{
			"from": [17, 1, 13],
			"to": [18, 3, 14],
			"rotation": {"angle": 0, "axis": "y", "origin": [0, 0, 13]},
			"faces": {
				"north": {"uv": [0.5, 4, 1, 4.25], "rotation": 90, "texture": "#0"},
				"east": {"uv": [0.5, 4, 1, 4.25], "rotation": 90, "texture": "#0"},
				"south": {"uv": [0.5, 4, 1, 4.25], "rotation": 90, "texture": "#0"},
				"west": {"uv": [0.5, 4, 1, 4.25], "rotation": 90, "texture": "#0"},
				"up": {"uv": [0.5, 4, 0.75, 4.25], "rotation": 90, "texture": "#0"},
				"down": {"uv": [0.5, 4, 0.75, 4.25], "rotation": 90, "texture": "#0"}
			}
		},
		{
			"from": [-2, 0, 13],
			"to": [18, 1, 14],
			"rotation": {"angle": 0, "axis": "y", "origin": [0, 0, 13]},
			"faces": {
				"north": {"uv": [0.25, 4, 5.25, 4.25], "texture": "#0"},
				"east": {"uv": [0.25, 4, 0.5, 4.25], "texture": "#0"},
				"south": {"uv": [0.25, 4, 5.25, 4.25], "texture": "#0"},
				"west": {"uv": [0.25, 4, 0.5, 4.25], "texture": "#0"},
				"up": {"uv": [0.25, 4, 5.25, 4.25], "texture": "#0"},
				"down": {"uv": [0.25, 4, 5.25, 4.25], "texture": "#0"}
			}
		},
		{
			"from": [-2, 1, 13],
			"to": [-1, 3, 14],
			"rotation": {"angle": 0, "axis": "y", "origin": [-19, 0, 13]},
			"faces": {
				"north": {"uv": [0.5, 4, 1, 4.25], "rotation": 90, "texture": "#0"},
				"east": {"uv": [0.5, 4, 1, 4.25], "rotation": 90, "texture": "#0"},
				"south": {"uv": [0.5, 4, 1, 4.25], "rotation": 90, "texture": "#0"},
				"west": {"uv": [0.5, 4, 1, 4.25], "rotation": 90, "texture": "#0"},
				"up": {"uv": [0.5, 4, 0.75, 4.25], "rotation": 90, "texture": "#0"},
				"down": {"uv": [0.5, 4, 0.75, 4.25], "rotation": 90, "texture": "#0"}
			}
		}
	],
	"display": {
		"thirdperson_righthand": {
			"rotation": [75, 45, 0],
			"translation": [0, 2.5, 0],
			"scale": [0.375, 0.375, 0.375]
		},
		"thirdperson_lefthand": {
			"rotation": [75, 45, 0],
			"translation": [0, 2.5, 0],
			"scale": [0.375, 0.375, 0.375]
		},
		"firstperson_righthand": {
			"rotation": [0, 45, 0],
			"scale": [0.4, 0.4, 0.4]
		},
		"firstperson_lefthand": {
			"rotation": [0, 45, 0],
			"scale": [0.4, 0.4, 0.4]
		},
		"ground": {
			"translation": [0, 2, 0],
			"scale": [0.5, 0.5, 0.5]
		},
		"gui": {
			"rotation": [30, -135, 0],
			"scale": [0.625, 0.625, 0.625]
		},
		"head": {
			"translation": [0, -30.35, 0],
			"scale": [1.61, 1.61, 1.61]
		},
		"fixed": {
			"rotation": [-90, 0, 0],
			"translation": [0, 0, -16],
			"scale": [2, 2, 2]
		}
	}
}