{
	"format_version": "1.9.0",
	"credit": "Made By Gasihup",
	"textures": {
		"0": "item/trap",
		"particle": "item/trap"
	},
	"elements": [
		{
			"from": [7, 0, 7],
			"to": [9, 2, 9],
			"rotation": {"angle": 0, "axis": "y", "origin": [7, 0, 7]},
			"faces": {
				"north": {"uv": [2, 8, 4, 10], "texture": "#0"},
				"east": {"uv": [2, 8, 4, 10], "texture": "#0"},
				"south": {"uv": [2, 8, 4, 10], "texture": "#0"},
				"west": {"uv": [2, 8, 4, 10], "texture": "#0"},
				"down": {"uv": [2, 8, 4, 10], "texture": "#0"}
			}
		},
		{
			"from": [6, 2, 5],
			"to": [10, 2, 11],
			"rotation": {"angle": 0, "axis": "y", "origin": [7, 0, 7]},
			"faces": {
				"up": {"uv": [4, 6, 0, 0], "texture": "#0"},
				"down": {"uv": [4, 0, 0, 6], "texture": "#0"}
			}
		},
		{
			"from": [8.5, 0.1, 3],
			"to": [14.5, 0.1, 13],
			"rotation": {"angle": 0, "axis": "z", "origin": [8.5, 0.1, 8]},
			"faces": {
				"up": {"uv": [16, 0, 10, 10], "texture": "#0"},
				"down": {"uv": [16, 10, 10, 0], "texture": "#0"}
			}
		},
		{
			"from": [8.5, 0.1, 13],
			"to": [14.5, 1.1, 13],
			"rotation": {"angle": 0, "axis": "z", "origin": [8.5, 0.1, 8]},
			"faces": {
				"north": {"uv": [2.5, 15, 8.5, 16], "texture": "#0"},
				"south": {"uv": [8.5, 15, 2.5, 16], "texture": "#0"}
			}
		},
		{
			"from": [14.5, 0.1, 3],
			"to": [14.5, 1.1, 13],
			"rotation": {"angle": 0, "axis": "z", "origin": [8.5, 0.1, 8]},
			"faces": {
				"east": {"uv": [10.5, 15, 0.5, 16], "texture": "#0"},
				"west": {"uv": [0.5, 15, 10.5, 16], "texture": "#0"}
			}
		},
		{
			"from": [8.5, 0.1, 3],
			"to": [14.5, 1.1, 3],
			"rotation": {"angle": 0, "axis": "z", "origin": [8.5, 0.1, 8]},
			"faces": {
				"north": {"uv": [8.5, 15, 2.5, 16], "texture": "#0"},
				"south": {"uv": [2.5, 15, 8.5, 16], "texture": "#0"}
			}
		},
		{
			"from": [1.5, 0.1, 3],
			"to": [7.5, 0.1, 13],
			"rotation": {"angle": 0, "axis": "z", "origin": [7.5, 0.1, 8]},
			"faces": {
				"up": {"uv": [10, 0, 16, 10], "texture": "#0"},
				"down": {"uv": [10, 10, 16, 0], "texture": "#0"}
			}
		},
		{
			"from": [1.5, 0.1, 13],
			"to": [7.5, 1.1, 13],
			"rotation": {"angle": 0, "axis": "z", "origin": [7.5, 0.1, 8]},
			"faces": {
				"north": {"uv": [8.5, 15, 2.5, 16], "texture": "#0"},
				"south": {"uv": [2.5, 15, 8.5, 16], "texture": "#0"}
			}
		},
		{
			"from": [1.5, 0.1, 3],
			"to": [1.5, 1.1, 13],
			"rotation": {"angle": 0, "axis": "z", "origin": [7.5, 0.1, 8]},
			"faces": {
				"east": {"uv": [10.5, 15, 0.5, 16], "texture": "#0"},
				"west": {"uv": [0.5, 15, 10.5, 16], "texture": "#0"}
			}
		},
		{
			"from": [1.5, 0.1, 3],
			"to": [7.5, 1.1, 3],
			"rotation": {"angle": 0, "axis": "z", "origin": [7.5, 0.1, 8]},
			"faces": {
				"north": {"uv": [2.5, 15, 8.5, 16], "texture": "#0"},
				"south": {"uv": [8.5, 15, 2.5, 16], "texture": "#0"}
			}
		}
	],
	"display": {
		"thirdperson_righthand": {
			"translation": [0, 2, -2.75],
			"scale": [0.55, 0.55, 0.55]
		},
		"thirdperson_lefthand": {
			"translation": [0, 2, -2.75],
			"scale": [0.55, 0.55, 0.55]
		},
		"firstperson_righthand": {
			"translation": [0, 7.25, 0]
		},
		"firstperson_lefthand": {
			"translation": [0, 7.25, 0]
		},
		"ground": {
			"translation": [0, 4, 0]
		},
		"gui": {
			"rotation": [25, -26, -1],
			"translation": [0.25, 5.75, 0]
		},
		"head": {
			"translation": [0, -30.1, 0],
			"scale": [1.61, 1.61, 1.61]
		},
		"fixed": {
			"rotation": [-90, 0, 0],
			"translation": [0, 0, -15.75],
			"scale": [2, 2, 2]
		}
	},
	"groups": [
		0,
		1,
		{
			"name": "group",
			"origin": [7, 0, 7],
			"color": 0,
			"children": [2, 3, 4, 5]
		},
		{
			"name": "group",
			"origin": [7, 0, 7],
			"color": 0,
			"children": [6, 7, 8, 9]
		}
	]
}