{
	"format_version": "1.9.0",
	"credit": "Made By Gasihup",
	"textures": {
		"0": "item/murder",
		"particle": "item/murder"
	},
	"elements": [
		{
			"from": [4, 4, 3],
			"to": [12, 8, 4],
			"rotation": {"angle": 0, "axis": "y", "origin": [0, 0, -1]},
			"faces": {
				"north": {"uv": [0, 0, 8, 4], "texture": "#0"},
				"east": {"uv": [0, 0, 1, 4], "texture": "#0"},
				"south": {"uv": [0, 0, 8, 4], "texture": "#0"},
				"west": {"uv": [7, 0, 8, 4], "texture": "#0"},
				"up": {"uv": [8, 0, 0, 1], "texture": "#0"},
				"down": {"uv": [0, 3, 8, 4], "texture": "#0"}
			}
		},
		{
			"from": [4, 0, 3],
			"to": [12, 3, 4],
			"rotation": {"angle": 0, "axis": "y", "origin": [0, -4, -1]},
			"faces": {
				"north": {"uv": [0, 5, 8, 8], "texture": "#0"},
				"east": {"uv": [0, 5, 1, 8], "texture": "#0"},
				"south": {"uv": [0, 5, 8, 8], "texture": "#0"},
				"west": {"uv": [7, 5, 8, 8], "texture": "#0"},
				"up": {"uv": [8, 5, 0, 6], "texture": "#0"},
				"down": {"uv": [8, 7, 0, 8], "texture": "#0"}
			}
		},
		{
			"from": [11, 3, 3],
			"to": [12, 4, 4],
			"rotation": {"angle": 0, "axis": "y", "origin": [0, -4, -1]},
			"faces": {
				"north": {"uv": [0, 4, 1, 5], "texture": "#0"},
				"east": {"uv": [0, 4, 1, 5], "texture": "#0"},
				"south": {"uv": [0, 4, 1, 5], "texture": "#0"},
				"west": {"uv": [0, 4, 1, 5], "texture": "#0"},
				"up": {"uv": [0, 4, 1, 5], "texture": "#0"},
				"down": {"uv": [0, 4, 1, 5], "texture": "#0"}
			}
		},
		{
			"from": [4, 3, 3],
			"to": [5, 4, 4],
			"rotation": {"angle": 0, "axis": "y", "origin": [-7, -4, -1]},
			"faces": {
				"north": {"uv": [7, 4, 8, 5], "texture": "#0"},
				"east": {"uv": [7, 4, 8, 5], "texture": "#0"},
				"south": {"uv": [7, 4, 8, 5], "texture": "#0"},
				"west": {"uv": [7, 4, 8, 5], "texture": "#0"},
				"up": {"uv": [7, 4, 8, 5], "texture": "#0"},
				"down": {"uv": [7, 4, 8, 5], "texture": "#0"}
			}
		},
		{
			"from": [4, 3, 4],
			"to": [4, 5, 12],
			"rotation": {"angle": 0, "axis": "y", "origin": [-7, -4, -1]},
			"faces": {
				"east": {"uv": [8, 14, 0, 16], "texture": "#0"},
				"west": {"uv": [0, 14, 8, 16], "texture": "#0"}
			}
		},
		{
			"from": [12, 3, 4],
			"to": [12, 5, 12],
			"rotation": {"angle": 0, "axis": "y", "origin": [23, -4, -1]},
			"faces": {
				"east": {"uv": [8, 14, 0, 16], "texture": "#0"},
				"west": {"uv": [0, 14, 8, 16], "texture": "#0"}
			}
		},
		{
			"from": [7, 8, 4],
			"to": [9, 8, 12],
			"rotation": {"angle": 0, "axis": "z", "origin": [8, 8, 8]},
			"faces": {
				"up": {"uv": [8, 14, 0, 16], "rotation": 270, "texture": "#0"},
				"down": {"uv": [0, 14, 8, 16], "rotation": 270, "texture": "#0"}
			}
		},
		{
			"from": [7, 5, 12],
			"to": [9, 8, 12],
			"rotation": {"angle": 0, "axis": "y", "origin": [8, 8, 8]},
			"faces": {
				"north": {"uv": [3, 14, 0, 16], "rotation": 270, "texture": "#0"},
				"south": {"uv": [0, 14, 3, 16], "rotation": 270, "texture": "#0"}
			}
		},
		{
			"from": [4, 3, 12],
			"to": [12, 5, 12],
			"rotation": {"angle": 0, "axis": "y", "origin": [12, 4, 12]},
			"faces": {
				"north": {"uv": [8, 14, 0, 16], "texture": "#0"},
				"south": {"uv": [0, 14, 8, 16], "texture": "#0"}
			}
		},
		{
			"from": [7, 3, 3],
			"to": [9, 4, 4],
			"rotation": {"angle": 0, "axis": "y", "origin": [0, -4, -1]},
			"faces": {
				"north": {"uv": [3, 4, 5, 5], "texture": "#0"},
				"east": {"uv": [3, 4, 4, 5], "texture": "#0"},
				"south": {"uv": [3, 4, 5, 5], "texture": "#0"},
				"west": {"uv": [3, 4, 4, 5], "texture": "#0"},
				"up": {"uv": [3, 4, 5, 5], "texture": "#0"},
				"down": {"uv": [3, 4, 5, 5], "texture": "#0"}
			}
		},
		{
			"from": [5, 3, 3.05],
			"to": [11, 4, 3.05],
			"rotation": {"angle": 0, "axis": "y", "origin": [0, -4, -1.95]},
			"faces": {
				"north": {"uv": [11, 2, 13, 3], "texture": "#0"},
				"east": {"uv": [11, 2, 12, 3], "texture": "#0"},
				"south": {"uv": [11, 2, 13, 3], "texture": "#0"},
				"west": {"uv": [11, 2, 12, 3], "texture": "#0"},
				"up": {"uv": [11, 2, 13, 3], "texture": "#0"},
				"down": {"uv": [11, 2, 13, 3], "texture": "#0"}
			}
		}
	],
	"display": {
		"thirdperson_righthand": {
			"translation": [0, 0.5, 1],
			"scale": [0.55, 0.55, 0.55]
		},
		"thirdperson_lefthand": {
			"translation": [0, 0.5, 1],
			"scale": [0.55, 0.55, 0.55]
		},
		"firstperson_righthand": {
			"translation": [0, 0.5, 1],
			"scale": [0.55, 0.55, 0.55]
		},
		"firstperson_lefthand": {
			"translation": [0, 0.5, 1],
			"scale": [0.55, 0.55, 0.55]
		},
		"ground": {
			"translation": [0, 5.25, 0]
		},
		"gui": {
			"rotation": [15, 158, 0],
			"translation": [0, 5, 0]
		},
		"head": {
			"translation": [0, 6.41, 0],
			"scale": [1.61, 1.61, 1.61]
		},
		"fixed": {
			"rotation": [-90, 0, 0],
			"translation": [0, 0, -5],
			"scale": [2, 2, 2]
		}
	}
}