{
	"format_version": "1.9.0",
	"credit": "Made By Gasihup",
	"textures": {
		"0": "item/tumbler_green",
		"particle": "item/tumbler_green"
	},
	"elements": [
		{
			"from": [4, 3, 13],
			"to": [12, 13, 16],
			"rotation": {"angle": 0, "axis": "y", "origin": [7, 1, 15]},
			"faces": {
				"north": {"uv": [0, 6, 8, 16], "texture": "#0"},
				"east": {"uv": [8, 6, 11, 16], "texture": "#0"},
				"south": {"uv": [0, 6, 8, 16], "texture": "#0"},
				"west": {"uv": [8, 6, 11, 16], "texture": "#0"},
				"up": {"uv": [8, 7, 11, 15], "rotation": 90, "texture": "#0"},
				"down": {"uv": [8, 7, 11, 15], "rotation": 90, "texture": "#0"}
			}
		}
	],
	"display": {
		"thirdperson_righthand": {
			"translation": [0, 3, -3.75],
			"scale": [0.55, 0.55, 0.55]
		},
		"thirdperson_lefthand": {
			"translation": [0, 3, -3.75],
			"scale": [0.55, 0.55, 0.55]
		},
		"firstperson_righthand": {
			"translation": [0, 3, -3.75],
			"scale": [0.55, 0.55, 0.55]
		},
		"firstperson_lefthand": {
			"translation": [0, 3, -3.75],
			"scale": [0.55, 0.55, 0.55]
		},
		"ground": {
			"translation": [0, 1.25, -7.5]
		},
		"head": {
			"translation": [0, -4.85, -10.5],
			"scale": [1.61, 1.61, 1.61]
		}
	}
}