{
	"format_version": "1.9.0",
	"credit": "Made By Gasihup",
	"textures": {
		"0": "item/tumbler_blue",
		"particle": "item/tumbler_blue"
	},
	"elements": [
		{
			"from": [5, 7.5, 2],
			"to": [6, 8.5, 10],
			"rotation": {"angle": 0, "axis": "y", "origin": [4, 8.5, 9]},
			"faces": {
				"north": {"uv": [13, 7, 14, 15], "rotation": 180, "texture": "#0"},
				"east": {"uv": [13, 7, 14, 15], "rotation": 90, "texture": "#0"},
				"south": {"uv": [13, 7, 14, 15], "texture": "#0"},
				"west": {"uv": [13, 7, 14, 15], "rotation": 270, "texture": "#0"},
				"up": {"uv": [13, 7, 14, 15], "texture": "#0"},
				"down": {"uv": [13, 7, 14, 15], "rotation": 180, "texture": "#0"}
			}
		},
		{
			"from": [4.5, 7, 1],
			"to": [11.5, 9, 2],
			"rotation": {"angle": 0, "axis": "y", "origin": [9, 8.5, 9]},
			"faces": {
				"north": {"uv": [10, 3, 3, 1], "rotation": 180, "texture": "#0"},
				"east": {"uv": [3, 1, 5, 2], "rotation": 90, "texture": "#0"},
				"south": {"uv": [10, 3, 3, 1], "texture": "#0"},
				"west": {"uv": [3, 1, 5, 2], "rotation": 270, "texture": "#0"},
				"up": {"uv": [3, 1, 10, 2], "texture": "#0"},
				"down": {"uv": [3, 1, 10, 2], "rotation": 180, "texture": "#0"}
			}
		},
		{
			"from": [10, 7.5, 2],
			"to": [11, 8.5, 10],
			"rotation": {"angle": 0, "axis": "y", "origin": [9, 8.5, 9]},
			"faces": {
				"north": {"uv": [13, 7, 14, 15], "rotation": 180, "texture": "#0"},
				"east": {"uv": [13, 7, 14, 15], "rotation": 90, "texture": "#0"},
				"south": {"uv": [13, 7, 14, 15], "texture": "#0"},
				"west": {"uv": [13, 7, 14, 15], "rotation": 270, "texture": "#0"},
				"up": {"uv": [13, 7, 14, 15], "texture": "#0"},
				"down": {"uv": [13, 7, 14, 15], "rotation": 180, "texture": "#0"}
			}
		}
	],
	"display": {
		"head": {
			"translation": [0, -4.85, -3],
			"scale": [1.61, 1.61, 1.61]
		}
	}
}