{"stats":{"minecraft:used":{"minecraft:carrot_on_a_stick":574,"minecraft:warped_fungus_on_a_stick":144},"minecraft:custom":{"minecraft:jump":307,"minecraft:time_since_rest":42792,"minecraft:leave_game":1,"minecraft:damage_dealt":142,"minecraft:crouch_one_cm":6238,"minecraft:walk_on_water_one_cm":597,"minecraft:sprint_one_cm":76842,"minecraft:play_time":42792,"minecraft:damage_taken":516,"minecraft:time_since_death":42792,"minecraft:walk_one_cm":157324,"minecraft:sneak_time":4556,"minecraft:climb_one_cm":470,"minecraft:total_world_time":42792,"minecraft:fall_one_cm":38311,"minecraft:fly_one_cm":35155}},"DataVersion":4082}