{"stats":{"minecraft:custom":{"minecraft:time_since_rest":967991,"minecraft:sprint_one_cm":224579,"minecraft:walk_one_cm":471148,"minecraft:mob_kills":2,"minecraft:drop":466,"minecraft:damage_dealt":130,"minecraft:fly_one_cm":4496349,"minecraft:crouch_one_cm":17648,"minecraft:play_time":967991,"minecraft:sneak_time":27820,"minecraft:interact_with_lectern":4,"minecraft:jump":1968,"minecraft:leave_game":11,"minecraft:walk_on_water_one_cm":1631,"minecraft:time_since_death":967991,"minecraft:climb_one_cm":1177,"minecraft:total_world_time":967991,"minecraft:fall_one_cm":6492},"minecraft:dropped":{"minecraft:iron_block":1,"minecraft:red_concrete":1,"minecraft:repeating_command_block":22,"minecraft:gray_wool":4,"minecraft:stone":2,"minecraft:lever":3,"minecraft:repeater":2,"minecraft:deepslate":1,"minecraft:andesite":10,"minecraft:tuff":1,"minecraft:yellow_concrete":5,"minecraft:snowball":2,"minecraft:warped_fungus_on_a_stick":8,"minecraft:warden_spawn_egg":1,"minecraft:stone_pressure_plate":1,"minecraft:writable_book":5,"minecraft:light_gray_wool":1,"minecraft:purple_wool":1,"minecraft:command_block":9,"minecraft:orange_wool":1,"minecraft:chain_command_block":257,"minecraft:polished_blackstone_button":1,"minecraft:oak_sign":62,"minecraft:white_wool":9,"minecraft:carrot_on_a_stick":48,"minecraft:black_wool":1,"minecraft:green_wool":2,"minecraft:lectern":3,"minecraft:redstone":2},"minecraft:used":{"minecraft:warden_spawn_egg":1,"minecraft:writable_book":10,"minecraft:lever":3,"minecraft:black_wool":6,"minecraft:warped_fungus_on_a_stick":356,"minecraft:command_block":66,"minecraft:dead_horn_coral_block":1,"minecraft:iron_block":129,"minecraft:red_concrete":6,"minecraft:carrot_on_a_stick":1879,"minecraft:lime_wool":1,"minecraft:green_wool":78,"minecraft:oak_sign":116,"minecraft:blue_wool":15,"minecraft:lectern":5,"minecraft:cyan_concrete":3,"minecraft:stone":20,"minecraft:deepslate":3,"minecraft:white_wool":523,"minecraft:light_gray_wool":51,"minecraft:purple_concrete":3,"minecraft:repeater":12,"minecraft:yellow_concrete":11,"minecraft:polished_blackstone_button":14,"minecraft:tuff":1,"minecraft:andesite":40,"minecraft:chain_command_block":349,"minecraft:orange_wool":12,"minecraft:repeating_command_block":38,"minecraft:stone_pressure_plate":1,"minecraft:snowball":293,"minecraft:gray_wool":15,"minecraft:spruce_fence":6,"minecraft:purple_wool":2,"minecraft:large_fern":1,"minecraft:fern":1},"minecraft:picked_up":{"minecraft:warped_fungus_on_a_stick":1,"minecraft:carrot_on_a_stick":6,"minecraft:command_block":1,"minecraft:writable_book":1,"minecraft:snowball":1},"minecraft:killed":{"minecraft:cod":2}},"DataVersion":4082}