{"stats":{"minecraft:picked_up":{"minecraft:carrot_on_a_stick":12},"minecraft:used":{"minecraft:carrot_on_a_stick":142,"minecraft:warped_fungus_on_a_stick":16},"minecraft:custom":{"minecraft:jump":2,"minecraft:time_since_rest":55208,"minecraft:crouch_one_cm":647,"minecraft:leave_game":1,"minecraft:sprint_one_cm":337,"minecraft:play_time":55208,"minecraft:time_since_death":55208,"minecraft:walk_one_cm":4575,"minecraft:sneak_time":562,"minecraft:total_world_time":55208,"minecraft:drop":12,"minecraft:fly_one_cm":693},"minecraft:dropped":{"minecraft:carrot_on_a_stick":12}},"DataVersion":4082}