{"stats":{"minecraft:used":{"minecraft:carrot_on_a_stick":793,"minecraft:warped_fungus_on_a_stick":249},"minecraft:custom":{"minecraft:jump":495,"minecraft:time_since_rest":77640,"minecraft:leave_game":1,"minecraft:damage_dealt":494,"minecraft:crouch_one_cm":8228,"minecraft:walk_on_water_one_cm":3101,"minecraft:sprint_one_cm":88312,"minecraft:play_time":77640,"minecraft:damage_taken":222,"minecraft:time_since_death":77640,"minecraft:walk_one_cm":407977,"minecraft:sneak_time":4300,"minecraft:climb_one_cm":563,"minecraft:total_world_time":77640,"minecraft:fall_one_cm":39952,"minecraft:fly_one_cm":43497}},"DataVersion":4082}