{"stats":{"minecraft:custom":{"minecraft:mob_kills":13,"minecraft:leave_game":61,"minecraft:time_since_death":265356,"minecraft:climb_one_cm":3296,"minecraft:sprint_one_cm":367102,"minecraft:walk_one_cm":5174535,"minecraft:drop":226,"minecraft:play_time":3647326,"minecraft:sneak_time":142211,"minecraft:deaths":1,"minecraft:walk_under_water_one_cm":8161,"minecraft:interact_with_lectern":12,"minecraft:jump":3813,"minecraft:walk_on_water_one_cm":43685,"minecraft:total_world_time":4905409,"minecraft:time_since_rest":265356,"minecraft:damage_taken":1095,"minecraft:damage_dealt":719,"minecraft:fly_one_cm":21745807,"minecraft:crouch_one_cm":180376,"minecraft:fall_one_cm":299631},"minecraft:dropped":{"minecraft:warped_fungus_on_a_stick":26,"minecraft:purple_dye":1,"minecraft:carrot_on_a_stick":179,"minecraft:item_frame":5,"minecraft:snowball":1,"minecraft:writable_book":4,"minecraft:red_dye":2,"minecraft:redstone":4,"minecraft:yellow_wool":1,"minecraft:orange_wool":1,"minecraft:cyan_wool":1,"minecraft:chain_command_block":1},"minecraft:used":{"minecraft:oak_fence":89,"minecraft:moss_block":110,"minecraft:tuff_bricks":224,"minecraft:moss_carpet":224,"minecraft:netherite_sword":13,"minecraft:jungle_leaves":10,"minecraft:iron_bars":575,"minecraft:purple_candle":31,"minecraft:dead_tube_coral_block":559,"minecraft:polished_deepslate":218,"minecraft:orange_concrete":64,"minecraft:red_concrete":223,"minecraft:chiseled_tuff":4,"minecraft:dead_horn_coral_block":695,"minecraft:spruce_slab":10,"minecraft:redstone":16,"minecraft:carrot_on_a_stick":13986,"minecraft:ladder":13,"minecraft:oak_sign":9,"minecraft:polished_basalt":217,"minecraft:spruce_planks":229,"minecraft:polished_tuff_wall":217,"minecraft:stone":5430,"minecraft:zombie_spawn_egg":1,"minecraft:debug_stick":601,"minecraft:white_candle":11,"minecraft:spruce_leaves":9,"minecraft:torch":2,"minecraft:dirt":333,"minecraft:warped_wart_block":2,"minecraft:target":4,"minecraft:blue_stained_glass":128,"minecraft:jungle_planks":15,"minecraft:stone_stairs":582,"minecraft:orange_wool":639,"minecraft:yellow_candle":44,"minecraft:blue_concrete":159,"minecraft:tuff":705,"minecraft:glow_lichen":5,"minecraft:spruce_fence":675,"minecraft:cyan_wool":148,"minecraft:dead_brain_coral_block":4,"minecraft:snowball":963,"minecraft:oak_fence_gate":3,"minecraft:stripped_spruce_log":24,"minecraft:obsidian":58,"minecraft:fern":49,"minecraft:small_dripleaf":8,"minecraft:purple_banner":1,"minecraft:mossy_cobblestone_stairs":102,"minecraft:stone_brick_slab":34,"minecraft:sea_lantern":289,"minecraft:stripped_dark_oak_wood":2,"minecraft:lime_banner":2,"minecraft:quartz_pillar":3,"minecraft:muddy_mangrove_roots":558,"minecraft:lantern":8,"minecraft:red_wool":307,"minecraft:spruce_wood":179,"minecraft:iron_block":704,"minecraft:grass_block":2023,"minecraft:rooted_dirt":35,"minecraft:slime_block":19,"minecraft:spruce_button":1,"minecraft:green_wool":366,"minecraft:tuff_wall":1,"minecraft:dark_oak_leaves":2,"minecraft:red_candle":24,"minecraft:mossy_cobblestone_slab":29,"minecraft:dark_oak_button":3,"minecraft:pink_wool":365,"minecraft:stone_brick_stairs":565,"minecraft:stone_bricks":5846,"minecraft:item_frame":58,"minecraft:smooth_basalt":3,"minecraft:mangrove_roots":58,"minecraft:light_gray_wool":692,"minecraft:birch_button":1,"minecraft:purple_concrete":185,"minecraft:vault":1,"minecraft:repeater":318,"minecraft:tall_grass":216,"minecraft:lime_concrete":249,"minecraft:black_stained_glass":193,"minecraft:magenta_wool":189,"minecraft:hay_block":117,"minecraft:pitcher_plant":1,"minecraft:iron_trapdoor":9,"minecraft:jungle_button":17,"minecraft:lime_stained_glass":49,"minecraft:mangrove_slab":31,"minecraft:gold_block":2,"minecraft:dead_bubble_coral_block":3001,"minecraft:observer":22,"minecraft:seagrass":29,"minecraft:stripped_spruce_wood":14,"minecraft:large_fern":15,"minecraft:hanging_roots":9,"minecraft:pointed_dripstone":5,"minecraft:mangrove_leaves":255,"minecraft:short_grass":516,"minecraft:water_bucket":361,"minecraft:mossy_stone_bricks":1308,"minecraft:mangrove_wood":18,"minecraft:cobblestone_stairs":224,"minecraft:brick_wall":4,"minecraft:warped_fungus_on_a_stick":2722,"minecraft:dropper":1,"minecraft:red_stained_glass":69,"minecraft:polished_andesite":35,"minecraft:lime_wool":311,"minecraft:jungle_fence":76,"minecraft:blue_wool":206,"minecraft:lime_concrete_powder":2,"minecraft:mossy_stone_brick_stairs":289,"minecraft:structure_void":351,"minecraft:blue_concrete_powder":2,"minecraft:redstone_block":5,"minecraft:spruce_fence_gate":118,"minecraft:cobblestone_slab":14,"minecraft:deepslate_bricks":16,"minecraft:cracked_stone_bricks":127,"minecraft:white_wool":14286,"minecraft:mossy_cobblestone":74,"minecraft:orange_carpet":1,"minecraft:light_gray_banner":1,"minecraft:stripped_dark_oak_log":175,"minecraft:vine":883,"minecraft:light_blue_concrete":1,"minecraft:brown_banner":52,"minecraft:light_blue_wool":352,"minecraft:yellow_concrete":297,"minecraft:dripstone_block":182,"minecraft:stone_brick_wall":10,"minecraft:gray_concrete":1,"minecraft:magenta_carpet":1,"minecraft:spruce_log":34,"minecraft:purple_concrete_powder":10,"minecraft:polished_tuff":55,"minecraft:redstone_torch":1,"minecraft:deepslate_tiles":15,"minecraft:mud":406,"minecraft:lever":8,"minecraft:black_concrete":741,"minecraft:black_wool":209,"minecraft:command_block":295,"minecraft:barrier":390,"minecraft:oak_button":9,"minecraft:brown_wool":76,"minecraft:stone_button":444,"minecraft:verdant_froglight":2,"minecraft:cyan_concrete":101,"minecraft:magenta_concrete":1,"minecraft:stone_slab":628,"minecraft:red_terracotta":20,"minecraft:spruce_trapdoor":14,"minecraft:spruce_sapling":23,"minecraft:deepslate":661,"minecraft:flowering_azalea_leaves":58,"minecraft:polished_andesite_slab":14,"minecraft:yellow_wool":311,"minecraft:chiseled_tuff_bricks":92,"minecraft:green_candle":274,"minecraft:chiseled_stone_bricks":132,"minecraft:blue_candle":12,"minecraft:nether_wart_block":6,"minecraft:cobblestone":162,"minecraft:azalea_leaves":364,"minecraft:mud_brick_wall":123,"minecraft:red_concrete_powder":2,"minecraft:white_banner":2,"minecraft:dark_oak_fence":34,"minecraft:andesite":798,"minecraft:red_banner":15,"minecraft:chain_command_block":332,"minecraft:chain":3,"minecraft:magenta_glazed_terracotta":11,"minecraft:repeating_command_block":237,"minecraft:mossy_cobblestone_wall":2,"minecraft:sea_pickle":21,"minecraft:polished_blackstone_button":122,"minecraft:white_concrete":2,"minecraft:kelp":3,"minecraft:coarse_dirt":7,"minecraft:purple_carpet":2,"minecraft:gray_wool":6948,"minecraft:bone_meal":136,"minecraft:smooth_stone":108,"minecraft:purple_wool":285,"minecraft:gray_stained_glass":188,"minecraft:lime_candle":1},"minecraft:picked_up":{"minecraft:item_frame":5,"minecraft:red_dye":2,"minecraft:cyan_wool":1,"minecraft:redstone":4,"minecraft:command_block":1,"minecraft:repeating_command_block":1,"minecraft:white_wool":64,"minecraft:snowball":1,"minecraft:barrier":1,"minecraft:purple_dye":1,"minecraft:warped_fungus_on_a_stick":27,"minecraft:carrot_on_a_stick":127,"minecraft:orange_wool":1,"minecraft:writable_book":4,"minecraft:polished_blackstone_button":1},"minecraft:killed":{"minecraft:cod":1,"minecraft:chicken":10,"minecraft:zombie":1}},"DataVersion":4082}